{
   "dashboards": [
      {
         "autoswitchEnabled": false,
         "columnCount": 1,
         "columnProportion": "1",
         "creationTime": 1547489116442,
         "dashboardNavigations": {"7704ae05-703c-443f-ae02-a1804c8b36ca": [{
            "id": "1cbbaef5-688b-45c0-b524-d220a2c2f316",
            "selected": true,
            "widgets": [
               "a8e60208-c29a-45d4-b2ab-3f00f9bf27e8",
               "cbc21b54-a5d1-4d12-a830-2f1825507193",
               "9c161e98-cebe-4be0-9a70-a98e2b983f76"
            ]
         }]},
         "description": "",
         "disabled": false,
         "gridsterMaxColumns": 12,
         "hidden": false,
         "homeTab": false,
         "id": "51aa55e9-8ca8-47e2-aff8-7c17879d7940",
         "importAttempts": 0,
         "importComplete": true,
         "isDefault": false,
         "locked": false,
         "name": "NSX Load Balance",
         "rank": 127,
         "shared": false,
         "temporary": false,
         "userId": "c5fc5664-8a26-4eec-a10e-22582ca421ba",
         "widgetInteractions": [
            {
               "type": "resourceId",
               "widgetIdProvider": "7704ae05-703c-443f-ae02-a1804c8b36ca",
               "widgetIdReceiver": "e3ce8e20-cd50-447d-919f-deb977fdda68"
            },
            {
               "type": "resourceId",
               "widgetIdProvider": "7704ae05-703c-443f-ae02-a1804c8b36ca",
               "widgetIdReceiver": "f9618665-ad22-4c62-aaac-ff0b60a66ecd"
            },
            {
               "type": "resourceId",
               "widgetIdProvider": "7704ae05-703c-443f-ae02-a1804c8b36ca",
               "widgetIdReceiver": "fd40dcd5-61a9-46b8-a1be-ee4bcd5cc31d"
            },
            {
               "type": "resourceId",
               "widgetIdProvider": "7704ae05-703c-443f-ae02-a1804c8b36ca",
               "widgetIdReceiver": "8403af26-39b0-4903-99f8-cd0ad9bd5cd6"
            },
            {
               "type": "resourceId",
               "widgetIdProvider": "7704ae05-703c-443f-ae02-a1804c8b36ca",
               "widgetIdReceiver": "8c1bec81-77df-41f0-81b3-24c8d2235fd4"
            }
         ],
         "widgets": [
            {
               "collapsed": false,
               "config": {
                  "boxColumns": 5,
                  "boxHeight": null,
                  "labelSize": 12,
                  "maxCellCount": 100,
                  "metric": {
                     "mode": "resourceKind",
                     "resourceKindMetrics": [
                        {
                           "colorMethod": 1,
                           "id": "extModel14045-1",
                           "isStringMetric": false,
                           "label": "",
                           "link": "",
                           "metricKey": "virtualserver|current_sessions",
                           "metricName": "Virtual Servers|Current Sessions",
                           "metricUnitId": null,
                           "orangeBound": null,
                           "redBound": null,
                           "resourceKindId": "resourceKind:id:0_::_",
                           "resourceKindName": "NSX-vSphere Edge Load Balancer Service",
                           "unit": "",
                           "yellowBound": null
                        },
                        {
                           "colorMethod": 1,
                           "id": "extModel14045-2",
                           "isStringMetric": false,
                           "label": "",
                           "link": "",
                           "metricKey": "virtualserver|tx_traffic",
                           "metricName": "Virtual Servers|Egress Traffic",
                           "metricUnitId": -1,
                           "orangeBound": null,
                           "redBound": null,
                           "resourceKindId": "resourceKind:id:0_::_",
                           "resourceKindName": "NSX-vSphere Edge Load Balancer Service",
                           "unit": "Auto",
                           "yellowBound": null
                        },
                        {
                           "colorMethod": 1,
                           "id": "extModel14045-3",
                           "isStringMetric": false,
                           "metricKey": "virtualserver|http_request_rate",
                           "metricName": "Virtual Servers|HTTP Request Rate",
                           "metricUnitId": null,
                           "resourceKindId": "resourceKind:id:0_::_",
                           "resourceKindName": "NSX-vSphere Edge Load Balancer Service",
                           "unit": null
                        },
                        {
                           "colorMethod": 1,
                           "id": "extModel14045-4",
                           "isStringMetric": false,
                           "metricKey": "virtualserver|rx_traffic",
                           "metricName": "Virtual Servers|Ingress Traffic",
                           "metricUnitId": -1,
                           "resourceKindId": "resourceKind:id:0_::_",
                           "resourceKindName": "NSX-vSphere Edge Load Balancer Service",
                           "unit": "Auto"
                        },
                        {
                           "colorMethod": 1,
                           "id": "extModel14045-5",
                           "isStringMetric": false,
                           "metricKey": "virtualserver|http_request_rate_max",
                           "metricName": "Virtual Servers|Max Observed HTTP Request Rate",
                           "metricUnitId": null,
                           "resourceKindId": "resourceKind:id:0_::_",
                           "resourceKindName": "NSX-vSphere Edge Load Balancer Service",
                           "unit": null
                        },
                        {
                           "colorMethod": 1,
                           "id": "extModel14045-6",
                           "isStringMetric": false,
                           "metricKey": "virtualserver|rate_max",
                           "metricName": "Virtual Servers|Max Observed Sessions per second",
                           "metricUnitId": null,
                           "resourceKindId": "resourceKind:id:0_::_",
                           "resourceKindName": "NSX-vSphere Edge Load Balancer Service",
                           "unit": null
                        },
                        {
                           "colorMethod": 1,
                           "id": "extModel14045-7",
                           "isStringMetric": false,
                           "metricKey": "virtualserver|rate_limit",
                           "metricName": "Virtual Servers|Session Rate Limit",
                           "metricUnitId": null,
                           "resourceKindId": "resourceKind:id:0_::_",
                           "resourceKindName": "NSX-vSphere Edge Load Balancer Service",
                           "unit": null
                        },
                        {
                           "colorMethod": 1,
                           "id": "extModel14045-8",
                           "isStringMetric": false,
                           "metricKey": "virtualserver|session_rate",
                           "metricName": "Virtual Servers|Sessions per second",
                           "metricUnitId": null,
                           "resourceKindId": "resourceKind:id:0_::_",
                           "resourceKindName": "NSX-vSphere Edge Load Balancer Service",
                           "unit": null
                        },
                        {
                           "colorMethod": 1,
                           "id": "extModel14045-9",
                           "isStringMetric": false,
                           "metricKey": "virtualserver|utilization",
                           "metricName": "Virtual Servers|Total Traffic",
                           "metricUnitId": null,
                           "resourceKindId": "resourceKind:id:0_::_",
                           "resourceKindName": "NSX-vSphere Edge Load Balancer Service",
                           "unit": null
                        },
                        {
                           "colorMethod": 1,
                           "id": "extModel14045-10",
                           "isStringMetric": false,
                           "metricKey": "virtualserver|used",
                           "metricName": "Virtual Servers|Used",
                           "metricUnitId": null,
                           "resourceKindId": "resourceKind:id:0_::_",
                           "resourceKindName": "NSX-vSphere Edge Load Balancer Service",
                           "unit": null
                        }
                     ],
                     "resourceMetrics": []
                  },
                  "mode": {"layoutMode": "fixedSize"},
                  "periodLength": null,
                  "refreshContent": {"refreshContent": true},
                  "refreshInterval": 30,
                  "relationshipMode": 0,
                  "resInteractionMode": null,
                  "roundDecimals": null,
                  "selfProvider": {"selfProvider": false},
                  "showDT": {"showDT": true},
                  "showMetricName": {"showMetricName": true},
                  "showMetricUnit": {"showMetricUnit": true},
                  "showResourceName": {"showResourceName": false},
                  "showSparkline": {"showSparkline": true},
                  "title": "Virtual Servers",
                  "valueSize": 22,
                  "visualTheme": 3
               },
               "gridsterCoords": {
                  "h": 4,
                  "w": 7,
                  "x": 6,
                  "y": 1
               },
               "height": 210,
               "id": "f9618665-ad22-4c62-aaac-ff0b60a66ecd",
               "title": "Virtual Servers",
               "type": "Scoreboard"
            },
            {
               "collapsed": false,
               "config": {
                  "boxColumns": 5,
                  "boxHeight": null,
                  "labelSize": 12,
                  "maxCellCount": 100,
                  "metric": {
                     "mode": "resourceKind",
                     "resourceKindMetrics": [
                        {
                           "colorMethod": 1,
                           "id": "extModel9292-11",
                           "isStringMetric": false,
                           "metricKey": "pool|current_sessions",
                           "metricName": "Pools|Current Sessions",
                           "metricUnitId": null,
                           "resourceKindId": "resourceKind:id:0_::_",
                           "resourceKindName": "NSX-vSphere Edge Load Balancer Service",
                           "unit": null
                        },
                        {
                           "colorMethod": 1,
                           "id": "extModel9292-12",
                           "isStringMetric": false,
                           "metricKey": "pool|rate_max",
                           "metricName": "Pools|Max Observed Sessions per second",
                           "metricUnitId": null,
                           "resourceKindId": "resourceKind:id:0_::_",
                           "resourceKindName": "NSX-vSphere Edge Load Balancer Service",
                           "unit": null
                        },
                        {
                           "colorMethod": 1,
                           "id": "extModel9292-13",
                           "isStringMetric": false,
                           "metricKey": "pool|max_sessions",
                           "metricName": "Pools|Max Observed Sessions",
                           "metricUnitId": null,
                           "resourceKindId": "resourceKind:id:0_::_",
                           "resourceKindName": "NSX-vSphere Edge Load Balancer Service",
                           "unit": null
                        },
                        {
                           "colorMethod": 1,
                           "id": "extModel9292-14",
                           "isStringMetric": false,
                           "metricKey": "pool|rx_traffic",
                           "metricName": "Pools|Ingress Traffic",
                           "metricUnitId": -1,
                           "resourceKindId": "resourceKind:id:0_::_",
                           "resourceKindName": "NSX-vSphere Edge Load Balancer Service",
                           "unit": "Auto"
                        },
                        {
                           "colorMethod": 1,
                           "id": "extModel9292-15",
                           "isStringMetric": false,
                           "metricKey": "pool|tx_traffic",
                           "metricName": "Pools|Egress Traffic",
                           "metricUnitId": -1,
                           "resourceKindId": "resourceKind:id:0_::_",
                           "resourceKindName": "NSX-vSphere Edge Load Balancer Service",
                           "unit": "Auto"
                        },
                        {
                           "colorMethod": 1,
                           "id": "extModel9292-16",
                           "isStringMetric": false,
                           "metricKey": "pool|session_limit",
                           "metricName": "Pools|Session Limit",
                           "metricUnitId": null,
                           "resourceKindId": "resourceKind:id:0_::_",
                           "resourceKindName": "NSX-vSphere Edge Load Balancer Service",
                           "unit": null
                        },
                        {
                           "colorMethod": 1,
                           "id": "extModel9292-17",
                           "isStringMetric": false,
                           "metricKey": "pool|session_rate",
                           "metricName": "Pools|Sessions per second",
                           "metricUnitId": null,
                           "resourceKindId": "resourceKind:id:0_::_",
                           "resourceKindName": "NSX-vSphere Edge Load Balancer Service",
                           "unit": null
                        },
                        {
                           "colorMethod": 1,
                           "id": "extModel9292-18",
                           "isStringMetric": false,
                           "metricKey": "pool|utilization",
                           "metricName": "Pools|Total Traffic",
                           "metricUnitId": -1,
                           "resourceKindId": "resourceKind:id:0_::_",
                           "resourceKindName": "NSX-vSphere Edge Load Balancer Service",
                           "unit": "Auto"
                        },
                        {
                           "colorMethod": 1,
                           "id": "extModel9292-19",
                           "isStringMetric": false,
                           "metricKey": "pool|traffic_capacity",
                           "metricName": "Pools|Traffic Capacity",
                           "metricUnitId": -1,
                           "resourceKindId": "resourceKind:id:0_::_",
                           "resourceKindName": "NSX-vSphere Edge Load Balancer Service",
                           "unit": "Auto"
                        },
                        {
                           "colorMethod": 1,
                           "id": "extModel9292-20",
                           "isStringMetric": false,
                           "metricKey": "pool|used",
                           "metricName": "Pools|Used",
                           "metricUnitId": null,
                           "resourceKindId": "resourceKind:id:0_::_",
                           "resourceKindName": "NSX-vSphere Edge Load Balancer Service",
                           "unit": null
                        }
                     ],
                     "resourceMetrics": []
                  },
                  "mode": {"layoutMode": "fixedSize"},
                  "periodLength": null,
                  "refreshContent": {"refreshContent": true},
                  "refreshInterval": 22,
                  "relationshipMode": 0,
                  "resInteractionMode": null,
                  "roundDecimals": null,
                  "selfProvider": {"selfProvider": false},
                  "showDT": {"showDT": true},
                  "showMetricName": {"showMetricName": true},
                  "showMetricUnit": {"showMetricUnit": true},
                  "showResourceName": {"showResourceName": false},
                  "showSparkline": {"showSparkline": true},
                  "title": "Pools",
                  "valueSize": 22,
                  "visualTheme": 3
               },
               "gridsterCoords": {
                  "h": 4,
                  "w": 7,
                  "x": 6,
                  "y": 5
               },
               "height": 210,
               "id": "fd40dcd5-61a9-46b8-a1be-ee4bcd5cc31d",
               "title": "Pools",
               "type": "Scoreboard"
            },
            {
               "collapsed": false,
               "config": {
                  "boxColumns": 1,
                  "boxHeight": null,
                  "labelSize": 12,
                  "maxCellCount": 100,
                  "metric": {
                     "mode": "resourceKind",
                     "resourceKindMetrics": [{
                        "colorMethod": 0,
                        "id": "extModel38679-1",
                        "isStringMetric": true,
                        "label": "Status",
                        "link": "",
                        "metricKey": "status|service_status",
                        "metricName": "Status|Service Status",
                        "metricUnitId": null,
                        "orangeBound": "orange",
                        "redBound": "down",
                        "resourceKindId": "resourceKind:id:0_::_",
                        "resourceKindName": "NSX-vSphere Edge Load Balancer Service",
                        "unit": "",
                        "yellowBound": "yellow"
                     }],
                     "resourceMetrics": []
                  },
                  "mode": {"layoutMode": "fixedView"},
                  "periodLength": null,
                  "refreshContent": {"refreshContent": false},
                  "refreshInterval": 300,
                  "relationshipMode": 0,
                  "resInteractionMode": null,
                  "roundDecimals": null,
                  "selfProvider": {"selfProvider": false},
                  "showDT": {"showDT": true},
                  "showMetricName": {"showMetricName": false},
                  "showMetricUnit": {"showMetricUnit": false},
                  "showResourceName": {"showResourceName": false},
                  "showSparkline": {"showSparkline": false},
                  "title": "Status",
                  "valueSize": 24,
                  "visualTheme": 1
               },
               "gridsterCoords": {
                  "h": 2,
                  "w": 2,
                  "x": 4,
                  "y": 1
               },
               "height": 96,
               "id": "e3ce8e20-cd50-447d-919f-deb977fdda68",
               "title": "Status",
               "type": "Scoreboard"
            },
            {
               "collapsed": false,
               "config": {
                  "autoZoom": {"autoSize": false},
                  "nodeSize": null,
                  "refreshContent": {"refreshContent": true},
                  "refreshInterval": 300,
                  "resourceId": "resource:id:0_::_",
                  "resourceName": "NSX Load Balancers",
                  "selfProvider": {"selfProvider": true},
                  "tagFilter": null,
                  "title": "NSX Load Balancers"
               },
               "gridsterCoords": {
                  "h": 14,
                  "w": 3,
                  "x": 1,
                  "y": 1
               },
               "height": 780,
               "id": "7704ae05-703c-443f-ae02-a1804c8b36ca",
               "states": [
                  {
                     "key": "permResourceRelationship_widget_51aa55e9-8ca8-47e2-aff8-7c17879d7940_7704ae05-703c-443f-ae02-a1804c8b36ca",
                     "value": "o%3A"
                  },
                  {
                     "key": "perm_toolbarVisible_widget_51aa55e9-8ca8-47e2-aff8-7c17879d7940_7704ae05-703c-443f-ae02-a1804c8b36ca",
                     "value": "b%3A1"
                  },
                  {
                     "key": "permMetricType_permResourceRelationship_widget_51aa55e9-8ca8-47e2-aff8-7c17879d7940_7704ae05-703c-443f-ae02-a1804c8b36ca",
                     "value": "s%3Arisk"
                  }
               ],
               "title": "NSX Load Balancers",
               "type": "ResourceRelationship"
            },
            {
               "collapsed": false,
               "config": {
                  "metric": {
                     "mode": "resourceKind",
                     "resourceKindMetrics": [],
                     "resourceMetrics": []
                  },
                  "refreshContent": {"refreshContent": false},
                  "refreshInterval": 300,
                  "relationshipMode": 0,
                  "resInteractionMode": null,
                  "selfProvider": {"selfProvider": false},
                  "title": "Virtual IP Address",
                  "visualTheme": 0
               },
               "gridsterCoords": {
                  "h": 6,
                  "w": 2,
                  "x": 4,
                  "y": 3
               },
               "height": 324,
               "id": "8403af26-39b0-4903-99f8-cd0ad9bd5cd6",
               "states": [{
                  "key": "perm_toolbarVisible_widget_51aa55e9-8ca8-47e2-aff8-7c17879d7940_8403af26-39b0-4903-99f8-cd0ad9bd5cd6",
                  "value": "b%3A0"
               }],
               "title": "Virtual IP Address",
               "type": "PropertyList"
            },
            {
               "collapsed": false,
               "config": {},
               "gridsterCoords": {
                  "h": 6,
                  "w": 9,
                  "x": 4,
                  "y": 9
               },
               "height": 324,
               "id": "8c1bec81-77df-41f0-81b3-24c8d2235fd4",
               "title": "Top Alerts",
               "type": "ProblemAlertsList"
            }
         ]
      },
      {
         "autoswitchEnabled": false,
         "columnCount": 1,
         "columnProportion": "1",
         "creationTime": 1547586230783,
         "dashboardNavigations": {},
         "description": "",
         "disabled": false,
         "gridsterMaxColumns": 12,
         "hidden": false,
         "homeTab": false,
         "id": "1cbbaef5-688b-45c0-b524-d220a2c2f316",
         "importAttempts": 0,
         "importComplete": true,
         "isDefault": false,
         "locked": false,
         "name": "NSX Load Balance Metrics",
         "rank": 128,
         "shared": false,
         "temporary": false,
         "userId": "c5fc5664-8a26-4eec-a10e-22582ca421ba",
         "widgetInteractions": [
            {
               "type": "metricId",
               "widgetIdProvider": "a8e60208-c29a-45d4-b2ab-3f00f9bf27e8",
               "widgetIdReceiver": "a58bc352-69ef-42d1-9abb-41194db5fbee"
            },
            {
               "type": "resourceId",
               "widgetIdProvider": "cbc21b54-a5d1-4d12-a830-2f1825507193",
               "widgetIdReceiver": "b19bf654-580a-4eef-b5cc-d5b355981075"
            },
            {
               "type": "resourceId",
               "widgetIdProvider": "b19bf654-580a-4eef-b5cc-d5b355981075",
               "widgetIdReceiver": "212d5080-d77f-45a5-af7b-67f1a4127705"
            },
            {
               "type": "resourceId",
               "widgetIdProvider": "b19bf654-580a-4eef-b5cc-d5b355981075",
               "widgetIdReceiver": "56fc59ba-2183-4e37-8a5d-2c83c837b788"
            }
         ],
         "widgets": [
            {
               "collapsed": false,
               "config": {
                  "refreshContent": {"refreshContent": true},
                  "refreshInterval": 300,
                  "title": "NSX Metric Picker"
               },
               "gridsterCoords": {
                  "h": 7,
                  "w": 4,
                  "x": 1,
                  "y": 1
               },
               "height": 381,
               "id": "a8e60208-c29a-45d4-b2ab-3f00f9bf27e8",
               "states": [
                  {
                     "key": "permFetchCollectingMetrics_permMetricPicker_widget_1cbbaef5-688b-45c0-b524-d220a2c2f316_a8e60208-c29a-45d4-b2ab-3f00f9bf27e8",
                     "value": "b%3A0"
                  },
                  {
                     "key": "perm_toolbarVisible_widget_1cbbaef5-688b-45c0-b524-d220a2c2f316_a8e60208-c29a-45d4-b2ab-3f00f9bf27e8",
                     "value": "b%3A1"
                  },
                  {
                     "key": "permMetricPicker_widget_1cbbaef5-688b-45c0-b524-d220a2c2f316_a8e60208-c29a-45d4-b2ab-3f00f9bf27e8",
                     "value": "o%3Acolumns%3Da%253Ao%25253Aid%25253Ds%2525253Ah1"
                  },
                  {
                     "key": "permFetchCommonMetrics_permMetricPicker_widget_1cbbaef5-688b-45c0-b524-d220a2c2f316_a8e60208-c29a-45d4-b2ab-3f00f9bf27e8",
                     "value": "b%3A0"
                  },
                  {
                     "key": "permFetchPropertyMetrics_permMetricPicker_widget_1cbbaef5-688b-45c0-b524-d220a2c2f316_a8e60208-c29a-45d4-b2ab-3f00f9bf27e8",
                     "value": "b%3A0"
                  }
               ],
               "title": "NSX Metric Picker",
               "type": "MetricPicker"
            },
            {
               "collapsed": false,
               "config": {
                  "autoTransitionInterval": null,
                  "metric": {
                     "mode": "resourceKind",
                     "resourceKindMetrics": [],
                     "resourceMetrics": []
                  },
                  "refreshContent": {"refreshContent": false},
                  "refreshInterval": 300,
                  "relationshipMode": 0,
                  "resInteractionMode": null,
                  "selfProvider": {"selfProvider": false},
                  "title": "NSX Rolling View Chart"
               },
               "gridsterCoords": {
                  "h": 14,
                  "w": 5,
                  "x": 5,
                  "y": 1
               },
               "height": 780,
               "id": "a58bc352-69ef-42d1-9abb-41194db5fbee",
               "states": [
                  {
                     "key": "permBtn_dynamicThresholds_permMetricChart_widget_1cbbaef5-688b-45c0-b524-d220a2c2f316_a58bc352-69ef-42d1-9abb-41194db5fbee",
                     "value": "b%3A0"
                  },
                  {
                     "key": "permBtn_trendLine_permMetricChart_widget_1cbbaef5-688b-45c0-b524-d220a2c2f316_a58bc352-69ef-42d1-9abb-41194db5fbee",
                     "value": "b%3A0"
                  },
                  {
                     "key": "permBtn_showEntireDT_permMetricChart_widget_1cbbaef5-688b-45c0-b524-d220a2c2f316_a58bc352-69ef-42d1-9abb-41194db5fbee",
                     "value": "b%3A0"
                  },
                  {
                     "key": "permBtn_thresholds_permMetricChart_widget_1cbbaef5-688b-45c0-b524-d220a2c2f316_a58bc352-69ef-42d1-9abb-41194db5fbee",
                     "value": "b%3A0"
                  },
                  {
                     "key": "permBtn_zoomAllGraphs_permMetricChart_widget_1cbbaef5-688b-45c0-b524-d220a2c2f316_a58bc352-69ef-42d1-9abb-41194db5fbee",
                     "value": "b%3A0"
                  },
                  {
                     "key": "permBtn_anomalies_permMetricChart_widget_1cbbaef5-688b-45c0-b524-d220a2c2f316_a58bc352-69ef-42d1-9abb-41194db5fbee",
                     "value": "b%3A0"
                  },
                  {
                     "key": "permBtn_pan_permMetricChart_widget_1cbbaef5-688b-45c0-b524-d220a2c2f316_a58bc352-69ef-42d1-9abb-41194db5fbee",
                     "value": "b%3A0"
                  },
                  {
                     "key": "permBtn_showDataValues_permMetricChart_widget_1cbbaef5-688b-45c0-b524-d220a2c2f316_a58bc352-69ef-42d1-9abb-41194db5fbee",
                     "value": "b%3A1"
                  },
                  {
                     "key": "permMetricChart_widget_1cbbaef5-688b-45c0-b524-d220a2c2f316_a58bc352-69ef-42d1-9abb-41194db5fbee",
                     "value": "o%3Aweight%3Dn%253A0"
                  },
                  {
                     "key": "perm_toolbarVisible_widget_1cbbaef5-688b-45c0-b524-d220a2c2f316_a58bc352-69ef-42d1-9abb-41194db5fbee",
                     "value": "b%3A1"
                  },
                  {
                     "key": "permDateRange_permMetricChart_widget_1cbbaef5-688b-45c0-b524-d220a2c2f316_a58bc352-69ef-42d1-9abb-41194db5fbee",
                     "value": "s%3A%7B%22dateRange%22%3A%22lastHour%22%2C%22dateFrom%22%3Anull%2C%22dateTo%22%3Anull%2C%22timeFrom%22%3Anull%2C%22timeTo%22%3Anull%7D"
                  }
               ],
               "title": "NSX Rolling View Chart",
               "type": "RollingViewChart"
            },
            {
               "collapsed": false,
               "config": {
                  "autoZoom": {"autoSize": false},
                  "nodeSize": null,
                  "refreshContent": {"refreshContent": false},
                  "refreshInterval": 300,
                  "resourceName": "",
                  "selfProvider": {"selfProvider": false},
                  "tagFilter": {
                     "path": ["/source/kind/kind:resourceKind:id:1_::_"],
                     "value": {
                        "adapterInstance": [],
                        "adapterKind": [],
                        "bus": [],
                        "collector": [],
                        "day": [],
                        "exclaim": false,
                        "healthRange": [],
                        "kind": ["resourceKind:id:1_::_"],
                        "maintenanceSchedule": [],
                        "state": [],
                        "status": [],
                        "tag": [],
                        "tier": []
                     }
                  },
                  "title": "Object Relationship"
               },
               "gridsterCoords": {
                  "h": 7,
                  "w": 2,
                  "x": 1,
                  "y": 8
               },
               "height": 381,
               "id": "cbc21b54-a5d1-4d12-a830-2f1825507193",
               "states": [
                  {
                     "key": "permResourceRelationship_widget_1cbbaef5-688b-45c0-b524-d220a2c2f316_cbc21b54-a5d1-4d12-a830-2f1825507193",
                     "value": "o%3A"
                  },
                  {
                     "key": "perm_toolbarVisible_widget_1cbbaef5-688b-45c0-b524-d220a2c2f316_cbc21b54-a5d1-4d12-a830-2f1825507193",
                     "value": "b%3A1"
                  }
               ],
               "title": "Object Relationship",
               "type": "ResourceRelationship"
            },
            {
               "collapsed": false,
               "config": {},
               "gridsterCoords": {
                  "h": 7,
                  "w": 2,
                  "x": 3,
                  "y": 8
               },
               "height": 381,
               "id": "9c161e98-cebe-4be0-9a70-a98e2b983f76",
               "title": "Workload Pattern",
               "type": "IntSummaryStress"
            },
            {
               "collapsed": false,
               "config": {
                  "autoZoom": {"autoSize": false},
                  "nodeSize": null,
                  "refreshContent": {"refreshContent": false},
                  "refreshInterval": 300,
                  "resourceName": "",
                  "selfProvider": {"selfProvider": false},
                  "tagFilter": {
                     "path": ["/source/kind/kind:resourceKind:id:2_::_"],
                     "value": {
                        "adapterInstance": [],
                        "adapterKind": [],
                        "bus": [],
                        "collector": [],
                        "day": [],
                        "exclaim": false,
                        "healthRange": [],
                        "kind": ["resourceKind:id:2_::_"],
                        "maintenanceSchedule": [],
                        "state": [],
                        "status": [],
                        "tag": [],
                        "tier": []
                     }
                  },
                  "title": "Object Relationship"
               },
               "gridsterCoords": {
                  "h": 5,
                  "w": 3,
                  "x": 10,
                  "y": 1
               },
               "height": 267,
               "id": "b19bf654-580a-4eef-b5cc-d5b355981075",
               "states": [{
                  "key": "permResourceRelationship_widget_1cbbaef5-688b-45c0-b524-d220a2c2f316_b19bf654-580a-4eef-b5cc-d5b355981075",
                  "value": "o%3A"
               }],
               "title": "Object Relationship",
               "type": "ResourceRelationship"
            },
            {
               "collapsed": false,
               "config": {
                  "boxColumns": 2,
                  "boxHeight": null,
                  "labelSize": 12,
                  "maxCellCount": 100,
                  "metric": {
                     "mode": "resourceKind",
                     "resourceKindMetrics": [
                        {
                           "colorMethod": 1,
                           "id": "extModel1817-1",
                           "isStringMetric": false,
                           "label": "CPU Co-stop",
                           "link": "",
                           "metricKey": "cpu|costopPct",
                           "metricName": "CPU|Co-stop",
                           "metricUnitId": "percent",
                           "orangeBound": null,
                           "redBound": null,
                           "resourceKindId": "resourceKind:id:2_::_",
                           "resourceKindName": "Virtual Machine",
                           "unit": "%",
                           "yellowBound": null
                        },
                        {
                           "colorMethod": 1,
                           "id": "extModel1817-2",
                           "isStringMetric": false,
                           "label": "CPU Ready",
                           "link": "",
                           "metricKey": "cpu|readyPct",
                           "metricName": "CPU|Ready",
                           "metricUnitId": "percent",
                           "orangeBound": null,
                           "redBound": null,
                           "resourceKindId": "resourceKind:id:2_::_",
                           "resourceKindName": "Virtual Machine",
                           "unit": "%",
                           "yellowBound": null
                        },
                        {
                           "colorMethod": 1,
                           "id": "extModel1817-3",
                           "isStringMetric": false,
                           "label": "Guest OS RAM",
                           "link": "",
                           "metricKey": "mem|guest_usage",
                           "metricName": "Memory|Guest Usage",
                           "metricUnitId": "gb",
                           "orangeBound": null,
                           "redBound": null,
                           "resourceKindId": "resourceKind:id:2_::_",
                           "resourceKindName": "Virtual Machine",
                           "unit": "GB",
                           "yellowBound": null
                        },
                        {
                           "colorMethod": 1,
                           "id": "extModel1817-4",
                           "isStringMetric": false,
                           "label": "DIsk Latency",
                           "link": "",
                           "metricKey": "virtualDisk:Aggregate of all instances|totalLatency",
                           "metricName": "Virtual Disk:Aggregate of all instances|Total Latency",
                           "metricUnitId": "msec",
                           "orangeBound": null,
                           "redBound": null,
                           "resourceKindId": "resourceKind:id:2_::_",
                           "resourceKindName": "Virtual Machine",
                           "unit": "ms",
                           "yellowBound": null
                        },
                        {
                           "colorMethod": 1,
                           "id": "extModel1817-5",
                           "isStringMetric": false,
                           "label": "CPU Usage",
                           "link": "",
                           "metricKey": "cpu|usage_average",
                           "metricName": "CPU|Usage",
                           "metricUnitId": "percent",
                           "orangeBound": null,
                           "redBound": null,
                           "resourceKindId": "resourceKind:id:2_::_",
                           "resourceKindName": "Virtual Machine",
                           "unit": "%",
                           "yellowBound": null
                        },
                        {
                           "colorMethod": 1,
                           "id": "extModel1817-6",
                           "isStringMetric": false,
                           "label": "TX Dropped Packts",
                           "link": "",
                           "metricKey": "net|droppedTx_summation",
                           "metricName": "Network|Transmitted Packets Dropped",
                           "metricUnitId": null,
                           "orangeBound": null,
                           "redBound": null,
                           "resourceKindId": "resourceKind:id:2_::_",
                           "resourceKindName": "Virtual Machine",
                           "unit": "",
                           "yellowBound": null
                        }
                     ],
                     "resourceMetrics": []
                  },
                  "mode": {"layoutMode": "fixedView"},
                  "periodLength": null,
                  "refreshContent": {"refreshContent": false},
                  "refreshInterval": 300,
                  "relationshipMode": 0,
                  "resInteractionMode": null,
                  "roundDecimals": null,
                  "selfProvider": {"selfProvider": false},
                  "showDT": {"showDT": true},
                  "showMetricName": {"showMetricName": true},
                  "showMetricUnit": {"showMetricUnit": true},
                  "showResourceName": {"showResourceName": false},
                  "showSparkline": {"showSparkline": true},
                  "title": "Scoreboard",
                  "valueSize": 24,
                  "visualTheme": 2
               },
               "gridsterCoords": {
                  "h": 6,
                  "w": 3,
                  "x": 10,
                  "y": 6
               },
               "height": 324,
               "id": "212d5080-d77f-45a5-af7b-67f1a4127705",
               "title": "Scoreboard",
               "type": "Scoreboard"
            },
            {
               "collapsed": false,
               "config": {},
               "gridsterCoords": {
                  "h": 3,
                  "w": 3,
                  "x": 10,
                  "y": 12
               },
               "height": 153,
               "id": "56fc59ba-2183-4e37-8a5d-2c83c837b788",
               "title": "Top Alerts",
               "type": "ProblemAlertsList"
            }
         ]
      }
   ],
   "entries": {
      "resource": [{
         "adapterKindKey": "Container",
         "identifiers": [],
         "internalId": "resource:id:0_::_",
         "name": "NSX Load Balancers",
         "resourceKindKey": "Function"
      }],
      "resourceKind": [
         {
            "adapterKindKey": "NSX",
            "internalId": "resourceKind:id:1_::_",
            "resourceKindKey": "EdgeServicesGateway"
         },
         {
            "adapterKindKey": "VMWARE",
            "internalId": "resourceKind:id:2_::_",
            "resourceKindKey": "VirtualMachine"
         },
         {
            "adapterKindKey": "NSX",
            "internalId": "resourceKind:id:0_::_",
            "resourceKindKey": "LoadBalancerEdgeService"
         }
      ]
   },
   "uuid": "e80c82c9-4c47-4db8-9603-fb5fa7957cf8"
}